-- phpMyAdmin SQL Dump
-- version 5.2.1
-- https://www.phpmyadmin.net/
--
-- Host: 127.0.0.1
-- Generation Time: Nov 17, 2023 at 06:47 AM
-- Server version: 10.4.28-MariaDB
-- PHP Version: 8.2.4

SET SQL_MODE = "NO_AUTO_VALUE_ON_ZERO";
START TRANSACTION;
SET time_zone = "+00:00";


/*!40101 SET @OLD_CHARACTER_SET_CLIENT=@@CHARACTER_SET_CLIENT */;
/*!40101 SET @OLD_CHARACTER_SET_RESULTS=@@CHARACTER_SET_RESULTS */;
/*!40101 SET @OLD_COLLATION_CONNECTION=@@COLLATION_CONNECTION */;
/*!40101 SET NAMES utf8mb4 */;

--
-- Database: `cinema`
--

-- --------------------------------------------------------

--
-- Table structure for table `bookings`
--

CREATE TABLE `bookings` (
  `BookingID` int(11) NOT NULL,
  `CustomerID` int(11) DEFAULT NULL,
  `ShowtimeID` int(11) DEFAULT NULL,
  `SeatID` int(11) DEFAULT NULL
) ENGINE=InnoDB DEFAULT CHARSET=utf8mb4 COLLATE=utf8mb4_general_ci;

--
-- Dumping data for table `bookings`
--

INSERT INTO `bookings` (`BookingID`, `CustomerID`, `ShowtimeID`, `SeatID`) VALUES
(16, 11, 111, 55),
(23, 1, 447, 41),
(24, 1, 447, 40),
(25, 1, 299, 80),
(26, 1, 299, 81),
(27, 1, 299, 82),
(28, 1, 299, 83),
(29, 1, 299, 84),
(30, 1, 26, 8),
(31, 1, 26, 9),
(32, 1, 26, 15),
(33, 1, 26, 16),
(34, 1, 26, 79),
(35, 1, 26, 80),
(36, 1, 26, 5),
(37, 1, 26, 30),
(38, 1, 101, 1);

-- --------------------------------------------------------

--
-- Table structure for table `cinemas`
--

CREATE TABLE `cinemas` (
  `CinemaID` int(11) NOT NULL,
  `Name` varchar(100) DEFAULT NULL,
  `Location` varchar(100) DEFAULT NULL
) ENGINE=InnoDB DEFAULT CHARSET=utf8mb4 COLLATE=utf8mb4_general_ci;

--
-- Dumping data for table `cinemas`
--

INSERT INTO `cinemas` (`CinemaID`, `Name`, `Location`) VALUES
(1, 'Da Jia Cineplex Nanyang Technological University', '50 Nanyang Avenue, South Spine, SS1-01, #05 05A, 639798'),
(2, 'Da Jia Cineplex Tampines', '4 Tampines Central 4, #04-17/18 Tampines Mall Shopping Centre, Singapore 529510');

-- --------------------------------------------------------

--
-- Table structure for table `customers`
--

CREATE TABLE `customers` (
  `CustomerID` int(11) NOT NULL,
  `FirstName` varchar(100) DEFAULT NULL,
  `LastName` varchar(100) DEFAULT NULL,
  `Email` varchar(100) DEFAULT NULL,
  `Phone` int(11) NOT NULL,
  `Password` varchar(255) NOT NULL
) ENGINE=InnoDB DEFAULT CHARSET=utf8mb4 COLLATE=utf8mb4_general_ci;

--
-- Dumping data for table `customers`
--

INSERT INTO `customers` (`CustomerID`, `FirstName`, `LastName`, `Email`, `Phone`, `Password`) VALUES
(1, 'Jake', 'Chang', 'jake0003@e.ntu.edu.sg', 94123716, '$2y$10$Cq0F65bNXsjVgEmZhMp4bOwZkAXDeWCMZTx/eGc25701ZE0tHTI9S'),
(7, 'Julius', 'Chang', 'lfc4life517@hotmail.com', 94218532, '$2y$10$jiKaqIoqCUAFBEhpnWkEm.Zn/5od.flOYpv11xNbSOEYn430gs7RG'),
(10, 'Tanny', 'Lee', 'tannylee@hotmail.com', 84512371, '$2y$10$.hT6H3vAT5EuAkR2V/.n7eJT.1wwugDxhlJYY5Uj1Yj1dgiu6Ru7C'),
(11, 'Dylan', 'Ng', 'dylanng@gmail.com', 94231874, '$2y$10$ZHL0LACglsGc7ztu6sb0mePnHXTXxJ90yNpgDkNTQChxXrr5GndhC');

-- --------------------------------------------------------

--
-- Table structure for table `movies`
--

CREATE TABLE `movies` (
  `MovieID` int(11) NOT NULL,
  `Title` varchar(100) DEFAULT NULL,
  `Duration` int(11) DEFAULT NULL,
  `Rating` varchar(10) DEFAULT NULL,
  `Subtitles` enum('Chinese','English') DEFAULT NULL,
  `Description` text NOT NULL,
  `Language` enum('English','Chinese','Malay','Tamil','Korean','Japanese','Thai','Hokkien','Cantonese') NOT NULL,
  `Genre` text NOT NULL,
  `Content Rating` enum('G','PG','PG13','NC16','M18','R21') NOT NULL
) ENGINE=InnoDB DEFAULT CHARSET=utf8mb4 COLLATE=utf8mb4_general_ci;

--
-- Dumping data for table `movies`
--

INSERT INTO `movies` (`MovieID`, `Title`, `Duration`, `Rating`, `Subtitles`, `Description`, `Language`, `Genre`, `Content Rating`) VALUES
(1, 'Teenage Mutant Ninja Turtles: Mutant Mayhem', 99, '7.3/10', 'Chinese', 'After years of being sheltered from the human world, the Turtle brothers set out to win the hearts of New Yorkers and be accepted as normal teenagers through heroic acts. Their new friend April O’Neil helps them take on a mysterious crime syndicate, but they soon get in over their heads when an army of mutants is unleashed upon them.', 'English', 'Animation · Action · Adventure · Comedy · Family · Fantasy · Sci-Fi', 'PG'),
(2, 'The Dive', 91, '5.6/10', 'Chinese', 'A deep-sea diving trip at one of the world\'s most remote spots becomes a fight for survival for sisters Drew and May when a catastrophic landslide sends rocks tumbling into the sea. After being struck by the rockfall, May now lies 28 meters below the surface, trapped by debris and unable to move. With dangerously low levels of oxygen, it is up to Drew to fight for her sister\'s life. She must put her own life in jeopardy and risk paying the ultimate sacrifice. But with no help in sight, time is quickly running out...', 'English', 'Action · Mystery · Thriller', 'PG13'),
(3, 'The Equalizer 3', 109, '6.9/10', 'Chinese', 'Since giving up his life as a government assassin, Robert McCall has struggled to reconcile the horrific things he’s done in the past and finds a strange solace in serving justice on behalf of the oppressed¹. In the movie, McCall discovers that his new friends are under the control of local crime bosses and aims to defend them and their families from the mafia.', 'English', 'Action · Crime · Thriller', 'R21');

-- --------------------------------------------------------

--
-- Table structure for table `seats`
--

CREATE TABLE `seats` (
  `SeatID` int(11) NOT NULL,
  `TheatreID` int(11) DEFAULT NULL,
  `SeatNumber` int(11) DEFAULT NULL
) ENGINE=InnoDB DEFAULT CHARSET=utf8mb4 COLLATE=utf8mb4_general_ci;

--
-- Dumping data for table `seats`
--

INSERT INTO `seats` (`SeatID`, `TheatreID`, `SeatNumber`) VALUES
(1, 1, 1),
(2, 1, 2),
(3, 1, 3),
(4, 1, 4),
(5, 1, 5),
(6, 1, 6),
(7, 1, 7),
(8, 1, 8),
(9, 1, 9),
(10, 1, 10),
(11, 1, 11),
(12, 1, 12),
(13, 1, 13),
(14, 1, 14),
(15, 1, 15),
(16, 1, 16),
(17, 1, 17),
(18, 1, 18),
(19, 1, 19),
(20, 1, 20),
(21, 1, 21),
(22, 1, 22),
(23, 1, 23),
(24, 1, 24),
(25, 1, 25),
(26, 1, 26),
(27, 1, 27),
(28, 1, 28),
(29, 1, 29),
(30, 1, 30),
(31, 1, 31),
(32, 1, 32),
(33, 1, 33),
(34, 1, 34),
(35, 1, 35),
(36, 1, 36),
(37, 1, 37),
(38, 1, 38),
(39, 1, 39),
(40, 1, 40),
(41, 1, 41),
(42, 1, 42),
(43, 1, 43),
(44, 1, 44),
(45, 1, 45),
(46, 1, 46),
(47, 1, 47),
(48, 1, 48),
(49, 1, 49),
(50, 1, 50),
(51, 1, 51),
(52, 1, 52),
(53, 1, 53),
(54, 1, 54),
(55, 1, 55),
(56, 1, 56),
(57, 1, 57),
(58, 1, 58),
(59, 1, 59),
(60, 1, 60),
(61, 1, 61),
(62, 1, 62),
(63, 1, 63),
(64, 1, 64),
(65, 1, 65),
(66, 1, 66),
(67, 1, 67),
(68, 1, 68),
(69, 1, 69),
(70, 1, 70),
(71, 1, 71),
(72, 1, 72),
(73, 1, 73),
(74, 1, 74),
(75, 1, 75),
(76, 1, 76),
(77, 1, 77),
(78, 1, 78),
(79, 1, 79),
(80, 1, 80),
(81, 1, 81),
(82, 1, 82),
(83, 1, 83),
(84, 1, 84),
(85, 2, 1),
(86, 2, 2),
(87, 2, 3),
(88, 2, 4),
(89, 2, 5),
(90, 2, 6),
(91, 2, 7),
(92, 2, 8),
(93, 2, 9),
(94, 2, 10),
(95, 2, 11),
(96, 2, 12),
(97, 2, 13),
(98, 2, 14),
(99, 2, 15),
(100, 2, 16),
(101, 2, 17),
(102, 2, 18),
(103, 2, 19),
(104, 2, 20),
(105, 2, 21),
(106, 2, 22),
(107, 2, 23),
(108, 2, 24),
(109, 2, 25),
(110, 2, 26),
(111, 2, 27),
(112, 2, 28),
(113, 2, 29),
(114, 2, 30),
(115, 2, 31),
(116, 2, 32),
(117, 2, 33),
(118, 2, 34),
(119, 2, 35),
(120, 2, 36),
(121, 2, 37),
(122, 2, 38),
(123, 2, 39),
(124, 2, 40),
(125, 2, 41),
(126, 2, 42),
(127, 2, 43),
(128, 2, 44),
(129, 2, 45),
(130, 2, 46),
(131, 2, 47),
(132, 2, 48),
(133, 2, 49),
(134, 2, 50),
(135, 2, 51),
(136, 2, 52),
(137, 2, 53),
(138, 2, 54),
(139, 2, 55),
(140, 2, 56),
(141, 2, 57),
(142, 2, 58),
(143, 2, 59),
(144, 2, 60),
(145, 2, 61),
(146, 2, 62),
(147, 2, 63),
(148, 2, 64),
(149, 2, 65),
(150, 2, 66),
(151, 2, 67),
(152, 2, 68),
(153, 2, 69),
(154, 2, 70),
(155, 2, 71),
(156, 2, 72),
(157, 2, 73),
(158, 2, 74),
(159, 2, 75),
(160, 2, 76),
(161, 2, 77),
(162, 2, 78),
(163, 2, 79),
(164, 2, 80),
(165, 2, 81),
(166, 2, 82),
(167, 2, 83),
(168, 2, 84),
(169, 3, 1),
(170, 3, 2),
(171, 3, 3),
(172, 3, 4),
(173, 3, 5),
(174, 3, 6),
(175, 3, 7),
(176, 3, 8),
(177, 3, 9),
(178, 3, 10),
(179, 3, 11),
(180, 3, 12),
(181, 3, 13),
(182, 3, 14),
(183, 3, 15),
(184, 3, 16),
(185, 3, 17),
(186, 3, 18),
(187, 3, 19),
(188, 3, 20),
(189, 3, 21),
(190, 3, 22),
(191, 3, 23),
(192, 3, 24),
(193, 3, 25),
(194, 3, 26),
(195, 3, 27),
(196, 3, 28),
(197, 3, 29),
(198, 3, 30),
(199, 3, 31),
(200, 3, 32),
(201, 3, 33),
(202, 3, 34),
(203, 3, 35),
(204, 3, 36),
(205, 3, 37),
(206, 3, 38),
(207, 3, 39),
(208, 3, 40),
(209, 3, 41),
(210, 3, 42),
(211, 3, 43),
(212, 3, 44),
(213, 3, 45),
(214, 3, 46),
(215, 3, 47),
(216, 3, 48),
(217, 3, 49),
(218, 3, 50),
(219, 3, 51),
(220, 3, 52),
(221, 3, 53),
(222, 3, 54),
(223, 3, 55),
(224, 3, 56),
(225, 3, 57),
(226, 3, 58),
(227, 3, 59),
(228, 3, 60),
(229, 3, 61),
(230, 3, 62),
(231, 3, 63),
(232, 3, 64),
(233, 3, 65),
(234, 3, 66),
(235, 3, 67),
(236, 3, 68),
(237, 3, 69),
(238, 3, 70),
(239, 3, 71),
(240, 3, 72),
(241, 3, 73),
(242, 3, 74),
(243, 3, 75),
(244, 3, 76),
(245, 3, 77),
(246, 3, 78),
(247, 3, 79),
(248, 3, 80),
(249, 3, 81),
(250, 3, 82),
(251, 3, 83),
(252, 3, 84),
(253, 4, 1),
(254, 4, 2),
(255, 4, 3),
(256, 4, 4),
(257, 4, 5),
(258, 4, 6),
(259, 4, 7),
(260, 4, 8),
(261, 4, 9),
(262, 4, 10),
(263, 4, 11),
(264, 4, 12),
(265, 4, 13),
(266, 4, 14),
(267, 4, 15),
(268, 4, 16),
(269, 4, 17),
(270, 4, 18),
(271, 4, 19),
(272, 4, 20),
(273, 4, 21),
(274, 4, 22),
(275, 4, 23),
(276, 4, 24),
(277, 4, 25),
(278, 4, 26),
(279, 4, 27),
(280, 4, 28),
(281, 4, 29),
(282, 4, 30),
(283, 4, 31),
(284, 4, 32),
(285, 4, 33),
(286, 4, 34),
(287, 4, 35),
(288, 4, 36),
(289, 4, 37),
(290, 4, 38),
(291, 4, 39),
(292, 4, 40),
(293, 4, 41),
(294, 4, 42),
(295, 4, 43),
(296, 4, 44),
(297, 4, 45),
(298, 4, 46),
(299, 4, 47),
(300, 4, 48),
(301, 4, 49),
(302, 4, 50),
(303, 4, 51),
(304, 4, 52),
(305, 4, 53),
(306, 4, 54),
(307, 4, 55),
(308, 4, 56),
(309, 4, 57),
(310, 4, 58),
(311, 4, 59),
(312, 4, 60),
(313, 4, 61),
(314, 4, 62),
(315, 4, 63),
(316, 4, 64),
(317, 4, 65),
(318, 4, 66),
(319, 4, 67),
(320, 4, 68),
(321, 4, 69),
(322, 4, 70),
(323, 4, 71),
(324, 4, 72),
(325, 4, 73),
(326, 4, 74),
(327, 4, 75),
(328, 4, 76),
(329, 4, 77),
(330, 4, 78),
(331, 4, 79),
(332, 4, 80),
(333, 4, 81),
(334, 4, 82),
(335, 4, 83),
(336, 4, 84),
(337, 5, 1),
(338, 5, 2),
(339, 5, 3),
(340, 5, 4),
(341, 5, 5),
(342, 5, 6),
(343, 5, 7),
(344, 5, 8),
(345, 5, 9),
(346, 5, 10),
(347, 5, 11),
(348, 5, 12),
(349, 5, 13),
(350, 5, 14),
(351, 5, 15),
(352, 5, 16),
(353, 5, 17),
(354, 5, 18),
(355, 5, 19),
(356, 5, 20),
(357, 5, 21),
(358, 5, 22),
(359, 5, 23),
(360, 5, 24),
(361, 5, 25),
(362, 5, 26),
(363, 5, 27),
(364, 5, 28),
(365, 5, 29),
(366, 5, 30),
(367, 5, 31),
(368, 5, 32),
(369, 5, 33),
(370, 5, 34),
(371, 5, 35),
(372, 5, 36),
(373, 5, 37),
(374, 5, 38),
(375, 5, 39),
(376, 5, 40),
(377, 5, 41),
(378, 5, 42),
(379, 5, 43),
(380, 5, 44),
(381, 5, 45),
(382, 5, 46),
(383, 5, 47),
(384, 5, 48),
(385, 5, 49),
(386, 5, 50),
(387, 5, 51),
(388, 5, 52),
(389, 5, 53),
(390, 5, 54),
(391, 5, 55),
(392, 5, 56),
(393, 5, 57),
(394, 5, 58),
(395, 5, 59),
(396, 5, 60),
(397, 5, 61),
(398, 5, 62),
(399, 5, 63),
(400, 5, 64),
(401, 5, 65),
(402, 5, 66),
(403, 5, 67),
(404, 5, 68),
(405, 5, 69),
(406, 5, 70),
(407, 5, 71),
(408, 5, 72),
(409, 5, 73),
(410, 5, 74),
(411, 5, 75),
(412, 5, 76),
(413, 5, 77),
(414, 5, 78),
(415, 5, 79),
(416, 5, 80),
(417, 5, 81),
(418, 5, 82),
(419, 5, 83),
(420, 5, 84);

-- --------------------------------------------------------

--
-- Table structure for table `showtimes`
--

CREATE TABLE `showtimes` (
  `ShowtimeID` int(11) NOT NULL,
  `MovieID` int(11) DEFAULT NULL,
  `TheatreID` int(11) DEFAULT NULL,
  `SlotID` int(11) DEFAULT NULL,
  `ShowDate` date DEFAULT NULL
) ENGINE=InnoDB DEFAULT CHARSET=utf8mb4 COLLATE=utf8mb4_general_ci;

--
-- Dumping data for table `showtimes`
--

INSERT INTO `showtimes` (`ShowtimeID`, `MovieID`, `TheatreID`, `SlotID`, `ShowDate`) VALUES
(1, 1, 1, 1, '2023-11-15'),
(2, 1, 1, 2, '2023-11-15'),
(3, 1, 1, 3, '2023-11-15'),
(4, 1, 1, 4, '2023-11-15'),
(5, 1, 1, 5, '2023-11-15'),
(6, 1, 2, 1, '2023-11-15'),
(7, 1, 2, 2, '2023-11-15'),
(8, 1, 2, 3, '2023-11-15'),
(9, 1, 2, 4, '2023-11-15'),
(10, 1, 2, 5, '2023-11-15'),
(11, 1, 3, 1, '2023-11-15'),
(12, 1, 3, 2, '2023-11-15'),
(13, 1, 3, 3, '2023-11-15'),
(14, 1, 3, 4, '2023-11-15'),
(15, 1, 3, 5, '2023-11-15'),
(16, 1, 4, 1, '2023-11-15'),
(17, 1, 4, 2, '2023-11-15'),
(18, 1, 4, 3, '2023-11-15'),
(19, 1, 4, 4, '2023-11-15'),
(20, 1, 4, 5, '2023-11-15'),
(21, 1, 5, 1, '2023-11-15'),
(22, 1, 5, 2, '2023-11-15'),
(23, 1, 5, 3, '2023-11-15'),
(24, 1, 5, 4, '2023-11-15'),
(25, 1, 5, 5, '2023-11-15'),
(26, 1, 1, 1, '2023-11-16'),
(27, 1, 1, 2, '2023-11-16'),
(28, 1, 1, 3, '2023-11-16'),
(29, 1, 1, 4, '2023-11-16'),
(30, 1, 1, 5, '2023-11-16'),
(31, 1, 2, 1, '2023-11-16'),
(32, 1, 2, 2, '2023-11-16'),
(33, 1, 2, 3, '2023-11-16'),
(34, 1, 2, 4, '2023-11-16'),
(35, 1, 2, 5, '2023-11-16'),
(36, 1, 3, 1, '2023-11-16'),
(37, 1, 3, 2, '2023-11-16'),
(38, 1, 3, 3, '2023-11-16'),
(39, 1, 3, 4, '2023-11-16'),
(40, 1, 3, 5, '2023-11-16'),
(41, 1, 4, 1, '2023-11-16'),
(42, 1, 4, 2, '2023-11-16'),
(43, 1, 4, 3, '2023-11-16'),
(44, 1, 4, 4, '2023-11-16'),
(45, 1, 4, 5, '2023-11-16'),
(46, 1, 5, 1, '2023-11-16'),
(47, 1, 5, 2, '2023-11-16'),
(48, 1, 5, 3, '2023-11-16'),
(49, 1, 5, 4, '2023-11-16'),
(50, 1, 5, 5, '2023-11-16'),
(51, 2, 1, 1, '2023-11-15'),
(52, 2, 1, 2, '2023-11-15'),
(53, 2, 1, 3, '2023-11-15'),
(54, 2, 1, 4, '2023-11-15'),
(55, 2, 1, 5, '2023-11-15'),
(56, 2, 2, 1, '2023-11-15'),
(57, 2, 2, 2, '2023-11-15'),
(58, 2, 2, 3, '2023-11-15'),
(59, 2, 2, 4, '2023-11-15'),
(60, 2, 2, 5, '2023-11-15'),
(61, 2, 3, 1, '2023-11-15'),
(62, 2, 3, 2, '2023-11-15'),
(63, 2, 3, 3, '2023-11-15'),
(64, 2, 3, 4, '2023-11-15'),
(65, 2, 3, 5, '2023-11-15'),
(66, 2, 4, 1, '2023-11-15'),
(67, 2, 4, 2, '2023-11-15'),
(68, 2, 4, 3, '2023-11-15'),
(69, 2, 4, 4, '2023-11-15'),
(70, 2, 4, 5, '2023-11-15'),
(71, 2, 5, 1, '2023-11-15'),
(72, 2, 5, 2, '2023-11-15'),
(73, 2, 5, 3, '2023-11-15'),
(74, 2, 5, 4, '2023-11-15'),
(75, 2, 5, 5, '2023-11-15'),
(76, 2, 1, 1, '2023-11-15'),
(77, 2, 1, 2, '2023-11-15'),
(78, 2, 1, 3, '2023-11-15'),
(79, 2, 1, 4, '2023-11-15'),
(80, 2, 1, 5, '2023-11-15'),
(81, 2, 2, 1, '2023-11-15'),
(82, 2, 2, 2, '2023-11-15'),
(83, 2, 2, 3, '2023-11-15'),
(84, 2, 2, 4, '2023-11-15'),
(85, 2, 2, 5, '2023-11-15'),
(86, 2, 3, 1, '2023-11-15'),
(87, 2, 3, 2, '2023-11-15'),
(88, 2, 3, 3, '2023-11-15'),
(89, 2, 3, 4, '2023-11-15'),
(90, 2, 3, 5, '2023-11-15'),
(91, 2, 4, 1, '2023-11-15'),
(92, 2, 4, 2, '2023-11-15'),
(93, 2, 4, 3, '2023-11-15'),
(94, 2, 4, 4, '2023-11-15'),
(95, 2, 4, 5, '2023-11-15'),
(96, 2, 5, 1, '2023-11-15'),
(97, 2, 5, 2, '2023-11-15'),
(98, 2, 5, 3, '2023-11-15'),
(99, 2, 5, 4, '2023-11-15'),
(100, 2, 5, 5, '2023-11-15'),
(101, 2, 1, 1, '2023-11-16'),
(102, 2, 1, 2, '2023-11-16'),
(103, 2, 1, 3, '2023-11-16'),
(104, 2, 1, 4, '2023-11-16'),
(105, 2, 1, 5, '2023-11-16'),
(106, 2, 2, 1, '2023-11-16'),
(107, 2, 2, 2, '2023-11-16'),
(108, 2, 2, 3, '2023-11-16'),
(109, 2, 2, 4, '2023-11-16'),
(110, 2, 2, 5, '2023-11-16'),
(111, 2, 3, 1, '2023-11-16'),
(112, 2, 3, 2, '2023-11-16'),
(113, 2, 3, 3, '2023-11-16'),
(114, 2, 3, 4, '2023-11-16'),
(115, 2, 3, 5, '2023-11-16'),
(116, 2, 4, 1, '2023-11-16'),
(117, 2, 4, 2, '2023-11-16'),
(118, 2, 4, 3, '2023-11-16'),
(119, 2, 4, 4, '2023-11-16'),
(120, 2, 4, 5, '2023-11-16'),
(121, 2, 5, 1, '2023-11-16'),
(122, 2, 5, 2, '2023-11-16'),
(123, 2, 5, 3, '2023-11-16'),
(124, 2, 5, 4, '2023-11-16'),
(125, 2, 5, 5, '2023-11-16'),
(126, 2, 1, 1, '2023-11-16'),
(127, 2, 1, 2, '2023-11-16'),
(128, 2, 1, 3, '2023-11-16'),
(129, 2, 1, 4, '2023-11-16'),
(130, 2, 1, 5, '2023-11-16'),
(131, 2, 2, 1, '2023-11-16'),
(132, 2, 2, 2, '2023-11-16'),
(133, 2, 2, 3, '2023-11-16'),
(134, 2, 2, 4, '2023-11-16'),
(135, 2, 2, 5, '2023-11-16'),
(136, 2, 3, 1, '2023-11-16'),
(137, 2, 3, 2, '2023-11-16'),
(138, 2, 3, 3, '2023-11-16'),
(139, 2, 3, 4, '2023-11-16'),
(140, 2, 3, 5, '2023-11-16'),
(141, 2, 4, 1, '2023-11-16'),
(142, 2, 4, 2, '2023-11-16'),
(143, 2, 4, 3, '2023-11-16'),
(144, 2, 4, 4, '2023-11-16'),
(145, 2, 4, 5, '2023-11-16'),
(146, 2, 5, 1, '2023-11-16'),
(147, 2, 5, 2, '2023-11-16'),
(148, 2, 5, 3, '2023-11-16'),
(149, 2, 5, 4, '2023-11-16'),
(150, 2, 5, 4, '2023-11-16'),
(151, 3, 1, 1, '2023-11-15'),
(152, 3, 1, 2, '2023-11-15'),
(153, 3, 1, 3, '2023-11-15'),
(154, 3, 1, 4, '2023-11-15'),
(155, 3, 1, 5, '2023-11-15'),
(156, 3, 2, 1, '2023-11-15'),
(157, 3, 2, 2, '2023-11-15'),
(158, 3, 2, 3, '2023-11-15'),
(159, 3, 2, 4, '2023-11-15'),
(160, 3, 2, 5, '2023-11-15'),
(161, 3, 3, 1, '2023-11-15'),
(162, 3, 3, 2, '2023-11-15'),
(163, 3, 3, 3, '2023-11-15'),
(164, 3, 3, 4, '2023-11-15'),
(165, 3, 3, 5, '2023-11-15'),
(166, 3, 4, 1, '2023-11-15'),
(167, 3, 4, 2, '2023-11-15'),
(168, 3, 4, 3, '2023-11-15'),
(169, 3, 4, 4, '2023-11-15'),
(170, 3, 4, 5, '2023-11-15'),
(171, 3, 5, 1, '2023-11-15'),
(172, 3, 5, 2, '2023-11-15'),
(173, 3, 5, 3, '2023-11-15'),
(174, 3, 5, 4, '2023-11-15'),
(175, 3, 5, 5, '2023-11-15'),
(176, 3, 1, 1, '2023-11-16'),
(177, 3, 1, 2, '2023-11-16'),
(178, 3, 1, 3, '2023-11-16'),
(179, 3, 1, 4, '2023-11-16'),
(180, 3, 1, 5, '2023-11-16'),
(181, 3, 2, 1, '2023-11-16'),
(182, 3, 2, 2, '2023-11-16'),
(183, 3, 2, 3, '2023-11-16'),
(184, 3, 2, 4, '2023-11-16'),
(185, 3, 2, 5, '2023-11-16'),
(186, 3, 3, 1, '2023-11-16'),
(187, 3, 3, 2, '2023-11-16'),
(188, 3, 3, 3, '2023-11-16'),
(189, 3, 3, 4, '2023-11-16'),
(190, 3, 3, 5, '2023-11-16'),
(191, 3, 4, 1, '2023-11-16'),
(192, 3, 4, 2, '2023-11-16'),
(193, 3, 4, 3, '2023-11-16'),
(194, 3, 4, 4, '2023-11-16'),
(195, 3, 4, 5, '2023-11-16'),
(196, 3, 5, 1, '2023-11-16'),
(197, 3, 5, 2, '2023-11-16'),
(198, 3, 5, 3, '2023-11-16'),
(199, 3, 5, 4, '2023-11-16'),
(200, 3, 5, 5, '2023-11-16'),
(201, 1, 1, 1, '2023-11-06'),
(202, 1, 1, 2, '2023-11-06'),
(203, 1, 1, 3, '2023-11-06'),
(204, 1, 1, 4, '2023-11-06'),
(205, 1, 1, 5, '2023-11-06'),
(206, 2, 1, 1, '2023-11-06'),
(207, 2, 1, 2, '2023-11-06'),
(208, 2, 1, 3, '2023-11-06'),
(209, 2, 1, 4, '2023-11-06'),
(210, 2, 1, 5, '2023-11-06'),
(211, 3, 1, 1, '2023-11-06'),
(212, 3, 1, 2, '2023-11-06'),
(213, 3, 1, 3, '2023-11-06'),
(214, 3, 1, 4, '2023-11-06'),
(215, 3, 1, 5, '2023-11-06'),
(216, 1, 3, 1, '2023-11-06'),
(217, 1, 3, 2, '2023-11-06'),
(218, 1, 3, 3, '2023-11-06'),
(219, 1, 3, 4, '2023-11-06'),
(220, 1, 3, 5, '2023-11-06'),
(221, 2, 3, 1, '2023-11-06'),
(222, 2, 3, 2, '2023-11-06'),
(223, 2, 3, 3, '2023-11-06'),
(224, 2, 3, 4, '2023-11-06'),
(225, 2, 3, 5, '2023-11-06'),
(226, 3, 3, 1, '2023-11-06'),
(227, 3, 3, 2, '2023-11-06'),
(228, 3, 3, 3, '2023-11-06'),
(229, 3, 3, 4, '2023-11-06'),
(230, 3, 3, 5, '2023-11-06'),
(231, 1, 1, 1, '2023-11-07'),
(232, 1, 1, 2, '2023-11-07'),
(233, 1, 1, 3, '2023-11-07'),
(234, 1, 1, 4, '2023-11-07'),
(235, 1, 1, 5, '2023-11-07'),
(236, 2, 1, 1, '2023-11-07'),
(237, 2, 1, 2, '2023-11-07'),
(238, 2, 1, 3, '2023-11-07'),
(239, 2, 1, 4, '2023-11-07'),
(240, 2, 1, 5, '2023-11-07'),
(241, 3, 1, 1, '2023-11-07'),
(242, 3, 1, 2, '2023-11-07'),
(243, 3, 1, 3, '2023-11-07'),
(244, 3, 1, 4, '2023-11-07'),
(245, 3, 1, 5, '2023-11-07'),
(246, 1, 3, 1, '2023-11-07'),
(247, 1, 3, 2, '2023-11-07'),
(248, 1, 3, 3, '2023-11-07'),
(249, 1, 3, 4, '2023-11-07'),
(250, 1, 3, 5, '2023-11-07'),
(251, 2, 3, 1, '2023-11-07'),
(252, 2, 3, 2, '2023-11-07'),
(253, 2, 3, 3, '2023-11-07'),
(254, 2, 3, 4, '2023-11-07'),
(255, 2, 3, 5, '2023-11-07'),
(256, 3, 3, 1, '2023-11-07'),
(257, 3, 3, 2, '2023-11-07'),
(258, 3, 3, 3, '2023-11-07'),
(259, 3, 3, 4, '2023-11-07'),
(260, 3, 3, 5, '2023-11-07'),
(261, 1, 1, 1, '2023-11-08'),
(262, 1, 1, 2, '2023-11-08'),
(263, 1, 1, 3, '2023-11-08'),
(264, 1, 1, 4, '2023-11-08'),
(265, 1, 1, 5, '2023-11-08'),
(266, 2, 1, 1, '2023-11-08'),
(267, 2, 1, 2, '2023-11-08'),
(268, 2, 1, 3, '2023-11-08'),
(269, 2, 1, 4, '2023-11-08'),
(270, 2, 1, 5, '2023-11-08'),
(271, 3, 1, 1, '2023-11-08'),
(272, 3, 1, 2, '2023-11-08'),
(273, 3, 1, 3, '2023-11-08'),
(274, 3, 1, 4, '2023-11-08'),
(275, 3, 1, 5, '2023-11-08'),
(276, 1, 3, 1, '2023-11-08'),
(277, 1, 3, 2, '2023-11-08'),
(278, 1, 3, 3, '2023-11-08'),
(279, 1, 3, 4, '2023-11-08'),
(280, 1, 3, 5, '2023-11-08'),
(281, 2, 3, 1, '2023-11-08'),
(282, 2, 3, 2, '2023-11-08'),
(283, 2, 3, 3, '2023-11-08'),
(284, 2, 3, 4, '2023-11-08'),
(285, 2, 3, 5, '2023-11-08'),
(286, 3, 3, 1, '2023-11-08'),
(287, 3, 3, 2, '2023-11-08'),
(288, 3, 3, 3, '2023-11-08'),
(289, 3, 3, 4, '2023-11-08'),
(290, 3, 3, 5, '2023-11-08'),
(291, 1, 1, 1, '2023-11-09'),
(292, 1, 1, 2, '2023-11-09'),
(293, 1, 1, 3, '2023-11-09'),
(294, 1, 1, 4, '2023-11-09'),
(295, 1, 1, 5, '2023-11-09'),
(296, 2, 1, 1, '2023-11-09'),
(297, 2, 1, 2, '2023-11-09'),
(298, 2, 1, 3, '2023-11-09'),
(299, 2, 1, 4, '2023-11-09'),
(300, 2, 1, 5, '2023-11-09'),
(301, 3, 1, 1, '2023-11-09'),
(302, 3, 1, 2, '2023-11-09'),
(303, 3, 1, 3, '2023-11-09'),
(304, 3, 1, 4, '2023-11-09'),
(305, 3, 1, 5, '2023-11-09'),
(306, 1, 3, 1, '2023-11-09'),
(307, 1, 3, 2, '2023-11-09'),
(308, 1, 3, 3, '2023-11-09'),
(309, 1, 3, 4, '2023-11-09'),
(310, 1, 3, 5, '2023-11-09'),
(311, 2, 3, 1, '2023-11-09'),
(312, 2, 3, 2, '2023-11-09'),
(313, 2, 3, 3, '2023-11-09'),
(314, 2, 3, 4, '2023-11-09'),
(315, 2, 3, 5, '2023-11-09'),
(316, 3, 3, 1, '2023-11-09'),
(317, 3, 3, 2, '2023-11-09'),
(318, 3, 3, 3, '2023-11-09'),
(319, 3, 3, 4, '2023-11-09'),
(320, 3, 3, 5, '2023-11-09'),
(321, 1, 1, 1, '2023-11-10'),
(322, 1, 1, 2, '2023-11-10'),
(323, 1, 1, 3, '2023-11-10'),
(324, 1, 1, 4, '2023-11-10'),
(325, 1, 1, 5, '2023-11-10'),
(326, 2, 1, 1, '2023-11-10'),
(327, 2, 1, 2, '2023-11-10'),
(328, 2, 1, 3, '2023-11-10'),
(329, 2, 1, 4, '2023-11-10'),
(330, 2, 1, 5, '2023-11-10'),
(331, 3, 1, 1, '2023-11-10'),
(332, 3, 1, 2, '2023-11-10'),
(333, 3, 1, 3, '2023-11-10'),
(334, 3, 1, 4, '2023-11-10'),
(335, 3, 1, 5, '2023-11-10'),
(336, 1, 3, 1, '2023-11-10'),
(337, 1, 3, 2, '2023-11-10'),
(338, 1, 3, 3, '2023-11-10'),
(339, 1, 3, 4, '2023-11-10'),
(340, 1, 3, 5, '2023-11-10'),
(341, 2, 3, 1, '2023-11-10'),
(342, 2, 3, 2, '2023-11-10'),
(343, 2, 3, 3, '2023-11-10'),
(344, 2, 3, 4, '2023-11-10'),
(345, 2, 3, 5, '2023-11-10'),
(346, 3, 3, 1, '2023-11-10'),
(347, 3, 3, 2, '2023-11-10'),
(348, 3, 3, 3, '2023-11-10'),
(349, 3, 3, 4, '2023-11-10'),
(350, 3, 3, 5, '2023-11-10'),
(351, 1, 1, 1, '2023-11-11'),
(352, 1, 1, 2, '2023-11-11'),
(353, 1, 1, 3, '2023-11-11'),
(354, 1, 1, 4, '2023-11-11'),
(355, 1, 1, 5, '2023-11-11'),
(356, 2, 1, 1, '2023-11-11'),
(357, 2, 1, 2, '2023-11-11'),
(358, 2, 1, 3, '2023-11-11'),
(359, 2, 1, 4, '2023-11-11'),
(360, 2, 1, 5, '2023-11-11'),
(361, 3, 1, 1, '2023-11-11'),
(362, 3, 1, 2, '2023-11-11'),
(363, 3, 1, 3, '2023-11-11'),
(364, 3, 1, 4, '2023-11-11'),
(365, 3, 1, 5, '2023-11-11'),
(366, 1, 3, 1, '2023-11-11'),
(367, 1, 3, 2, '2023-11-11'),
(368, 1, 3, 3, '2023-11-11'),
(369, 1, 3, 4, '2023-11-11'),
(370, 1, 3, 5, '2023-11-11'),
(371, 2, 3, 1, '2023-11-11'),
(372, 2, 3, 2, '2023-11-11'),
(373, 2, 3, 3, '2023-11-11'),
(374, 2, 3, 4, '2023-11-11'),
(375, 2, 3, 5, '2023-11-11'),
(376, 3, 3, 1, '2023-11-11'),
(377, 3, 3, 2, '2023-11-11'),
(378, 3, 3, 3, '2023-11-11'),
(379, 3, 3, 4, '2023-11-11'),
(380, 3, 3, 5, '2023-11-11'),
(381, 1, 1, 1, '2023-11-12'),
(382, 1, 1, 2, '2023-11-12'),
(383, 1, 1, 3, '2023-11-12'),
(384, 1, 1, 4, '2023-11-12'),
(385, 1, 1, 5, '2023-11-12'),
(386, 2, 1, 1, '2023-11-12'),
(387, 2, 1, 2, '2023-11-12'),
(388, 2, 1, 3, '2023-11-12'),
(389, 2, 1, 4, '2023-11-12'),
(390, 2, 1, 5, '2023-11-12'),
(391, 3, 1, 1, '2023-11-12'),
(392, 3, 1, 2, '2023-11-12'),
(393, 3, 1, 3, '2023-11-12'),
(394, 3, 1, 4, '2023-11-12'),
(395, 3, 1, 5, '2023-11-12'),
(396, 1, 3, 1, '2023-11-12'),
(397, 1, 3, 2, '2023-11-12'),
(398, 1, 3, 3, '2023-11-12'),
(399, 1, 3, 4, '2023-11-12'),
(400, 1, 3, 5, '2023-11-12'),
(401, 2, 3, 1, '2023-11-12'),
(402, 2, 3, 2, '2023-11-12'),
(403, 2, 3, 3, '2023-11-12'),
(404, 2, 3, 4, '2023-11-12'),
(405, 2, 3, 5, '2023-11-12'),
(406, 3, 3, 1, '2023-11-12'),
(407, 3, 3, 2, '2023-11-12'),
(408, 3, 3, 3, '2023-11-12'),
(409, 3, 3, 4, '2023-11-12'),
(410, 3, 3, 5, '2023-11-12'),
(411, 1, 1, 1, '2023-11-13'),
(412, 1, 1, 2, '2023-11-13'),
(413, 1, 1, 3, '2023-11-13'),
(414, 1, 1, 4, '2023-11-13'),
(415, 1, 1, 5, '2023-11-13'),
(416, 2, 1, 1, '2023-11-13'),
(417, 2, 1, 2, '2023-11-13'),
(418, 2, 1, 3, '2023-11-13'),
(419, 2, 1, 4, '2023-11-13'),
(420, 2, 1, 5, '2023-11-13'),
(421, 3, 1, 1, '2023-11-13'),
(422, 3, 1, 2, '2023-11-13'),
(423, 3, 1, 3, '2023-11-13'),
(424, 3, 1, 4, '2023-11-13'),
(425, 3, 1, 5, '2023-11-13'),
(426, 1, 3, 1, '2023-11-13'),
(427, 1, 3, 2, '2023-11-13'),
(428, 1, 3, 3, '2023-11-13'),
(429, 1, 3, 4, '2023-11-13'),
(430, 1, 3, 5, '2023-11-13'),
(431, 2, 3, 1, '2023-11-13'),
(432, 2, 3, 2, '2023-11-13'),
(433, 2, 3, 3, '2023-11-13'),
(434, 2, 3, 4, '2023-11-13'),
(435, 2, 3, 5, '2023-11-13'),
(436, 3, 3, 1, '2023-11-13'),
(437, 3, 3, 2, '2023-11-13'),
(438, 3, 3, 3, '2023-11-13'),
(439, 3, 3, 4, '2023-11-13'),
(440, 3, 3, 5, '2023-11-13'),
(441, 1, 1, 1, '2023-11-14'),
(442, 1, 1, 2, '2023-11-14'),
(443, 1, 1, 3, '2023-11-14'),
(444, 1, 1, 4, '2023-11-14'),
(445, 1, 1, 5, '2023-11-14'),
(446, 2, 1, 1, '2023-11-14'),
(447, 2, 1, 2, '2023-11-14'),
(448, 2, 1, 3, '2023-11-14'),
(449, 2, 1, 4, '2023-11-14'),
(450, 2, 1, 5, '2023-11-14'),
(451, 3, 1, 1, '2023-11-14'),
(452, 3, 1, 2, '2023-11-14'),
(453, 3, 1, 3, '2023-11-14'),
(454, 3, 1, 4, '2023-11-14'),
(455, 3, 1, 5, '2023-11-14'),
(456, 1, 3, 1, '2023-11-14'),
(457, 1, 3, 2, '2023-11-14'),
(458, 1, 3, 3, '2023-11-14'),
(459, 1, 3, 4, '2023-11-14'),
(460, 1, 3, 5, '2023-11-14'),
(461, 2, 3, 1, '2023-11-14'),
(462, 2, 3, 2, '2023-11-14'),
(463, 2, 3, 3, '2023-11-14'),
(464, 2, 3, 4, '2023-11-14'),
(465, 2, 3, 5, '2023-11-14'),
(466, 3, 3, 1, '2023-11-14'),
(467, 3, 3, 2, '2023-11-14'),
(468, 3, 3, 3, '2023-11-14'),
(469, 3, 3, 4, '2023-11-14'),
(470, 3, 3, 5, '2023-11-14');

-- --------------------------------------------------------

--
-- Table structure for table `slots`
--

CREATE TABLE `slots` (
  `SlotID` int(11) NOT NULL,
  `StartTime` time NOT NULL
) ENGINE=InnoDB DEFAULT CHARSET=utf8mb4 COLLATE=utf8mb4_general_ci;

--
-- Dumping data for table `slots`
--

INSERT INTO `slots` (`SlotID`, `StartTime`) VALUES
(1, '10:00:00'),
(2, '13:00:00'),
(3, '16:00:00'),
(4, '19:00:00'),
(5, '22:00:00');

-- --------------------------------------------------------

--
-- Table structure for table `theatres`
--

CREATE TABLE `theatres` (
  `TheatreID` int(11) NOT NULL,
  `CinemaID` int(11) DEFAULT NULL,
  `Name` varchar(100) NOT NULL
) ENGINE=InnoDB DEFAULT CHARSET=utf8mb4 COLLATE=utf8mb4_general_ci;

--
-- Dumping data for table `theatres`
--

INSERT INTO `theatres` (`TheatreID`, `CinemaID`, `Name`) VALUES
(1, 1, 'A'),
(2, 1, 'B'),
(3, 2, 'A'),
(4, 2, 'B'),
(5, 2, 'C');

--
-- Indexes for dumped tables
--

--
-- Indexes for table `bookings`
--
ALTER TABLE `bookings`
  ADD PRIMARY KEY (`BookingID`),
  ADD KEY `CustomerID` (`CustomerID`),
  ADD KEY `ShowtimeID` (`ShowtimeID`),
  ADD KEY `SeatID` (`SeatID`);

--
-- Indexes for table `cinemas`
--
ALTER TABLE `cinemas`
  ADD PRIMARY KEY (`CinemaID`);

--
-- Indexes for table `customers`
--
ALTER TABLE `customers`
  ADD PRIMARY KEY (`CustomerID`);

--
-- Indexes for table `movies`
--
ALTER TABLE `movies`
  ADD PRIMARY KEY (`MovieID`);

--
-- Indexes for table `seats`
--
ALTER TABLE `seats`
  ADD PRIMARY KEY (`SeatID`),
  ADD KEY `TheatreID` (`TheatreID`);

--
-- Indexes for table `showtimes`
--
ALTER TABLE `showtimes`
  ADD PRIMARY KEY (`ShowtimeID`),
  ADD KEY `MovieID` (`MovieID`),
  ADD KEY `TheatreID` (`TheatreID`);

--
-- Indexes for table `slots`
--
ALTER TABLE `slots`
  ADD PRIMARY KEY (`SlotID`);

--
-- Indexes for table `theatres`
--
ALTER TABLE `theatres`
  ADD PRIMARY KEY (`TheatreID`),
  ADD KEY `CinemaID` (`CinemaID`);

--
-- AUTO_INCREMENT for dumped tables
--

--
-- AUTO_INCREMENT for table `bookings`
--
ALTER TABLE `bookings`
  MODIFY `BookingID` int(11) NOT NULL AUTO_INCREMENT, AUTO_INCREMENT=39;

--
-- AUTO_INCREMENT for table `customers`
--
ALTER TABLE `customers`
  MODIFY `CustomerID` int(11) NOT NULL AUTO_INCREMENT, AUTO_INCREMENT=16;

--
-- AUTO_INCREMENT for table `slots`
--
ALTER TABLE `slots`
  MODIFY `SlotID` int(11) NOT NULL AUTO_INCREMENT, AUTO_INCREMENT=6;

--
-- Constraints for dumped tables
--

--
-- Constraints for table `bookings`
--
ALTER TABLE `bookings`
  ADD CONSTRAINT `bookings_ibfk_1` FOREIGN KEY (`CustomerID`) REFERENCES `customers` (`CustomerID`),
  ADD CONSTRAINT `bookings_ibfk_2` FOREIGN KEY (`ShowtimeID`) REFERENCES `showtimes` (`ShowtimeID`),
  ADD CONSTRAINT `bookings_ibfk_3` FOREIGN KEY (`SeatID`) REFERENCES `seats` (`SeatID`);

--
-- Constraints for table `seats`
--
ALTER TABLE `seats`
  ADD CONSTRAINT `seats_ibfk_1` FOREIGN KEY (`TheatreID`) REFERENCES `theatres` (`TheatreID`);

--
-- Constraints for table `showtimes`
--
ALTER TABLE `showtimes`
  ADD CONSTRAINT `showtimes_ibfk_1` FOREIGN KEY (`MovieID`) REFERENCES `movies` (`MovieID`),
  ADD CONSTRAINT `showtimes_ibfk_2` FOREIGN KEY (`TheatreID`) REFERENCES `theatres` (`TheatreID`);

--
-- Constraints for table `theatres`
--
ALTER TABLE `theatres`
  ADD CONSTRAINT `theatres_ibfk_1` FOREIGN KEY (`CinemaID`) REFERENCES `cinemas` (`CinemaID`);
COMMIT;

/*!40101 SET CHARACTER_SET_CLIENT=@OLD_CHARACTER_SET_CLIENT */;
/*!40101 SET CHARACTER_SET_RESULTS=@OLD_CHARACTER_SET_RESULTS */;
/*!40101 SET COLLATION_CONNECTION=@OLD_COLLATION_CONNECTION */;
